学校,全国统一招生代码,所在地,办学层次
北京大学,10001,北京市,本科
中国人民大学,10002,北京市,本科
清华大学,10003,北京市,本科
北京交通大学,10004,北京市,本科
北京工业大学,10005,北京市,本科
北京航空航天大学,10006,北京市,本科
北京理工大学,10007,北京市,本科
北京科技大学,10008,北京市,本科
北方工业大学,10009,北京市,本科
北京化工大学,10010,北京市,本科
北京工商大学,10011,北京市,本科
北京服装学院,10012,北京市,本科
北京邮电大学,10013,北京市,本科
北京印刷学院,10015,北京市,本科
北京建筑大学,10016,北京市,本科
北京石油化工学院,10017,北京市,本科
北京电子科技学院,10018,北京市,本科
中国农业大学,10019,北京市,本科
北京农学院,10020,北京市,本科
北京林业大学,10022,北京市,本科
北京协和医学院,10023,北京市,本科
首都医科大学,10025,北京市,本科
北京中医药大学,10026,北京市,本科
北京师范大学,10027,北京市,本科
首都师范大学,10028,北京市,本科
首都体育学院,10029,北京市,本科
北京外国语大学,10030,北京市,本科
北京第二外国语学院,10031,北京市,本科
北京语言大学,10032,北京市,本科
中国传媒大学,10033,北京市,本科
中央财经大学,10034,北京市,本科
对外经济贸易大学,10036,北京市,本科
北京物资学院,10037,北京市,本科
首都经济贸易大学,10038,北京市,本科
中国消防救援学院,10039,北京市,本科
外交学院,10040,北京市,本科
中国人民公安大学,10041,北京市,本科
国际关系学院,10042,北京市,本科
北京体育大学,10043,北京市,本科
中央音乐学院,10045,北京市,本科
中国音乐学院,10046,北京市,本科
中央美术学院,10047,北京市,本科
中央戏剧学院,10048,北京市,本科
中国戏曲学院,10049,北京市,本科
北京电影学院,10050,北京市,本科
北京舞蹈学院,10051,北京市,本科
中央民族大学,10052,北京市,本科
中国政法大学,10053,北京市,本科
华北电力大学,10054,北京市,本科
中华女子学院,11149,北京市,本科
北京信息科技大学,11232,北京市,本科
中国矿业大学（北京）,11413,北京市,本科
中国石油大学（北京）,11414,北京市,本科
中国地质大学（北京）,11415,北京市,本科
北京联合大学,11417,北京市,本科
北京城市学院,11418,北京市,本科
中国青年政治学院,11625,北京市,本科
首钢工学院,11831,北京市,本科
中国劳动关系学院,12453,北京市,本科
首都师范大学科德学院,13629,北京市,本科
北京金融科技学院,13630,北京市,本科
北京邮电大学世纪学院,13901,北京市,本科
北京工业大学耿丹学院,13904,北京市,本科
北京警察学院,14019,北京市,本科
北京第二外国语学院中瑞酒店管理学院,14201,北京市,本科
中国科学院大学,14430,北京市,本科
中国社会科学院大学,14596,北京市,本科
民政职业大学,14139,北京市,本科
北京科技职业大学,10858,北京市,本科
南开大学,10055,天津市,本科
天津大学,10056,天津市,本科
天津科技大学,10057,天津市,本科
天津工业大学,10058,天津市,本科
中国民航大学,10059,天津市,本科
天津理工大学,10060,天津市,本科
天津农学院,10061,天津市,本科
天津医科大学,10062,天津市,本科
天津中医药大学,10063,天津市,本科
天津师范大学,10065,天津市,本科
天津职业技术师范大学,10066,天津市,本科
天津外国语大学,10068,天津市,本科
天津商业大学,10069,天津市,本科
天津财经大学,10070,天津市,本科
天津体育学院,10071,天津市,本科
天津音乐学院,10072,天津市,本科
天津美术学院,10073,天津市,本科
天津城建大学,10792,天津市,本科
天津天狮学院,10859,天津市,本科
天津中德应用技术大学,12105,天津市,本科
天津外国语大学滨海外事学院,13658,天津市,本科
天津传媒学院,13659,天津市,本科
天津商业大学宝德学院,13660,天津市,本科
天津医科大学临床医学院,13661,天津市,本科
南开大学滨海学院,13663,天津市,本科
天津师范大学津沽学院,13896,天津市,本科
天津理工大学中环信息学院,13897,天津市,本科
北京科技大学天津学院,13898,天津市,本科
天津仁爱学院,14038,天津市,本科
天津财经大学珠江学院,14087,天津市,本科
天津警察学院,12723,天津市,本科
河北大学,10075,保定市,本科
河北工程大学,10076,邯郸市,本科
河北地质大学,10077,石家庄市,本科
河北工业大学,10080,天津市,本科
华北理工大学,10081,唐山市,本科
河北科技大学,10082,石家庄市,本科
河北建筑工程学院,10084,张家口市,本科
河北水利电力学院,10085,沧州市,本科
河北农业大学,10086,保定市,本科
河北医科大学,10089,石家庄市,本科
河北北方学院,10092,张家口市,本科
承德医学院,10093,承德市,本科
河北师范大学,10094,石家庄市,本科
保定学院,10096,保定市,本科
河北民族师范学院,10098,承德市,本科
唐山师范学院,10099,唐山市,本科
廊坊师范学院,10100,廊坊市,本科
衡水学院,10101,衡水市,本科
石家庄学院,10102,石家庄市,本科
邯郸学院,10103,邯郸市,本科
邢台学院,10104,邢台市,本科
沧州师范学院,10105,沧州市,本科
石家庄铁道大学,10107,石家庄市,本科
燕山大学,10216,秦皇岛市,本科
河北科技师范学院,10798,秦皇岛市,本科
唐山学院,11033,唐山市,本科
华北科技学院,11104,廊坊市,本科
中国人民警察大学,11105,廊坊市,本科
河北体育学院,11236,石家庄市,本科
河北金融学院,11420,保定市,本科
北华航天工业学院,11629,廊坊市,本科
防灾科技学院,11775,廊坊市,本科
河北经贸大学,11832,石家庄市,本科
中央司法警官学院,11903,保定市,本科
河北传媒学院,12784,石家庄市,本科
河北工程技术学院,12796,石家庄市,本科
河北美术学院,13075,石家庄市,本科
河北科技学院,13391,保定市,本科
河北外国语学院,13402,石家庄市,本科
河北大学工商学院,13404,保定市,本科
华北理工大学轻工学院,13408,唐山市,本科
河北工业职业技术大学,16204,石家庄市,本科
河北师范大学汇华学院,13411,石家庄市,本科
河北经贸大学经济管理学院,13414,石家庄市,本科
河北医科大学临床学院,13415,石家庄市,本科
河北科技工程职业技术大学,16203,邢台市,本科
河北工程大学科信学院,13578,邯郸市,本科
河北石油职业技术大学,16202,承德市,本科
燕山大学里仁学院,13592,秦皇岛市,本科
石家庄铁道大学四方学院,13593,石家庄市,本科
河北地质大学华信学院,13594,石家庄市,本科
河北农业大学现代科技学院,13595,保定市,本科
华北理工大学冀唐学院,13596,唐山市,本科
保定理工学院,13891,保定市,本科
燕京理工学院,13895,廊坊市,本科
北京中医药大学东方学院,13899,廊坊市,本科
沧州交通学院,14202,沧州市,本科
河北东方学院,14225,廊坊市,本科
河北中医药大学,14432,石家庄市,本科
张家口学院,14458,张家口市,本科
河北环境工程学院,51721,秦皇岛市,本科
唐山工业职业技术大学,12787,唐山市,本科
邢台医学院,12884,邢台市,本科
山西大学,10108,太原市,本科
太原科技大学,10109,太原市,本科
中北大学,10110,太原市,本科
太原理工大学,10112,太原市,本科
山西农业大学,10113,晋中市,本科
山西医科大学,10114,太原市,本科
长治医学院,10117,长治市,本科
山西师范大学,10118,太原市,本科
太原师范学院,10119,太原市,本科
山西大同大学,10120,大同市,本科
晋中学院,10121,晋中市,本科
长治学院,10122,长治市,本科
运城学院,10123,运城市,本科
忻州师范学院,10124,忻州市,本科
山西财经大学,10125,太原市,本科
山西中医药大学,10809,太原市,本科
吕梁学院,10812,吕梁市,本科
太原学院,11242,太原市,本科
山西警察学院,12111,太原市,本科
山西应用科技学院,12779,太原市,本科
山西工程科技职业大学,16201,太原市,本科
山西工学院,13534,朔州市,本科
晋中信息学院,13535,晋中市,本科
山西电子科技学院,13537,临汾市,本科
山西晋中理工学院,13538,晋中市,本科
山西科技学院,13597,晋城市,本科
晋中健康学院,13598,晋中市,本科
山西财经大学华商学院,13608,太原市,本科
山西工商学院,13691,太原市,本科
太原工业学院,14101,太原市,本科
运城职业技术大学,14226,运城市,本科
山西传媒学院,14434,太原市,本科
山西工程技术学院,14527,阳泉市,本科
山西能源学院,51189,晋中市,本科
山西医药学院,14898,吕梁市,本科
山西文化旅游职业大学,13696,太原市,本科
内蒙古大学,10126,呼和浩特市,本科
内蒙古科技大学,10127,包头市,本科
内蒙古工业大学,10128,呼和浩特市,本科
内蒙古农业大学,10129,呼和浩特市,本科
内蒙古医科大学,10132,呼和浩特市,本科
内蒙古师范大学,10135,呼和浩特市,本科
内蒙古民族大学,10136,通辽市,本科
赤峰学院,10138,赤峰市,本科
内蒙古财经大学,10139,呼和浩特市,本科
呼伦贝尔学院,10819,呼伦贝尔市,本科
集宁师范学院,11427,乌兰察布市,本科
河套学院,11631,巴彦淖尔市,本科
呼和浩特民族学院,11709,呼和浩特市,本科
内蒙古大学创业学院,14199,呼和浩特市,本科
内蒙古鸿德文理学院,14205,呼和浩特市,本科
内蒙古艺术学院,14531,呼和浩特市,本科
鄂尔多斯应用技术学院,14532,鄂尔多斯市,本科
内蒙古警察学院,12797,呼和浩特市,本科
内蒙古建筑职业技术大学,10871,呼和浩特市,本科
兴安职业技术大学,12443,兴安盟,本科
呼和浩特职业技术大学,12670,呼和浩特市,本科
辽宁大学,10140,沈阳市,本科
大连理工大学,10141,大连市,本科
沈阳工业大学,10142,沈阳市,本科
沈阳航空航天大学,10143,沈阳市,本科
沈阳理工大学,10144,沈阳市,本科
东北大学,10145,沈阳市,本科
辽宁科技大学,10146,鞍山市,本科
辽宁工程技术大学,10147,阜新市,本科
辽宁石油化工大学,10148,抚顺市,本科
沈阳化工大学,10149,沈阳市,本科
大连交通大学,10150,大连市,本科
大连海事大学,10151,大连市,本科
大连工业大学,10152,大连市,本科
沈阳建筑大学,10153,沈阳市,本科
辽宁工业大学,10154,锦州市,本科
沈阳农业大学,10157,沈阳市,本科
大连海洋大学,10158,大连市,本科
中国医科大学,10159,沈阳市,本科
锦州医科大学,10160,锦州市,本科
大连医科大学,10161,大连市,本科
辽宁中医药大学,10162,沈阳市,本科
沈阳药科大学,10163,沈阳市,本科
沈阳医学院,10164,沈阳市,本科
辽宁师范大学,10165,大连市,本科
沈阳师范大学,10166,沈阳市,本科
渤海大学,10167,锦州市,本科
鞍山师范学院,10169,鞍山市,本科
大连外国语大学,10172,大连市,本科
东北财经大学,10173,大连市,本科
中国刑事警察学院,10175,沈阳市,本科
沈阳体育学院,10176,沈阳市,本科
沈阳音乐学院,10177,沈阳市,本科
鲁迅美术学院,10178,沈阳市,本科
辽宁对外经贸学院,10841,大连市,本科
沈阳大学,11035,沈阳市,本科
大连大学,11258,大连市,本科
辽宁科技学院,11430,本溪市,本科
辽宁警察学院,11432,大连市,本科
沈阳工程学院,11632,沈阳市,本科
辽东学院,11779,丹东市,本科
大连民族大学,12026,大连市,本科
辽宁理工职业大学,12595,锦州市,本科
大连理工大学城市学院,13198,大连市,本科
沈阳工业大学工程学院,13199,辽阳市,本科
沈阳航空航天大学北方科技学院,13200,沈阳市,本科
沈阳工学院,13201,抚顺市,本科
大连工业大学艺术与信息工程学院,13203,大连市,本科
大连科技学院,13207,大连市,本科
沈阳城市建设学院,13208,沈阳市,本科
大连医科大学中山学院,13212,大连市,本科
锦州医科大学医疗学院,13213,锦州市,本科
辽宁师范大学海华学院,13215,大连市,本科
辽宁理工学院,13217,锦州市,本科
大连财经学院,13218,大连市,本科
沈阳城市学院,13220,沈阳市,本科
大连艺术学院,13599,大连市,本科
辽宁中医药大学杏林学院,13609,沈阳市,本科
辽宁何氏医学院,13610,沈阳市,本科
沈阳科技学院,13621,沈阳市,本科
大连东软信息学院,13631,大连市,本科
辽宁财贸学院,13900,葫芦岛市,本科
辽宁传媒学院,13957,沈阳市,本科
营口理工学院,14435,营口市,本科
朝阳师范学院,10171,朝阳市,本科
吉林大学,10183,长春市,本科
延边大学,10184,延边朝鲜族自治州,本科
长春理工大学,10186,长春市,本科
东北电力大学,10188,吉林市,本科
长春工业大学,10190,长春市,本科
吉林建筑大学,10191,长春市,本科
吉林化工大学,10192,吉林市,本科
吉林农业大学,10193,长春市,本科
长春中医药大学,10199,长春市,本科
东北师范大学,10200,长春市,本科
北华大学,10201,吉林市,本科
通化师范学院,10202,通化市,本科
吉林师范大学,10203,四平市,本科
吉林工程技术师范学院,10204,长春市,本科
长春师范大学,10205,长春市,本科
白城师范学院,10206,白城市,本科
吉林财经大学,10207,长春市,本科
吉林体育学院,10208,长春市,本科
吉林艺术学院,10209,长春市,本科
吉林外国语大学,10964,长春市,本科
吉林工商学院,11261,长春市,本科
长春工程学院,11437,长春市,本科
吉林农业科技学院,11439,吉林市,本科
吉林警察学院,11441,长春市,本科
长春大学,11726,长春市,本科
长春光华学院,13600,长春市,本科
长春工业大学人文信息学院,13601,长春市,本科
长春电子科技学院,13602,长春市,本科
长春财经学院,13603,长春市,本科
吉林建筑科技学院,13604,长春市,本科
长春建筑学院,13605,长春市,本科
长春科技学院,13606,长春市,本科
吉林动画学院,13607,长春市,本科
吉林师范大学博达学院,13622,四平市,本科
长春大学旅游学院,13623,长春市,本科
长春人文学院,13662,长春市,本科
吉林医药学院,13706,吉林市,本科
长春汽车职业技术大学,11436,长春市,本科
长春职业技术大学,13161,长春市,本科
吉林铁道职业技术大学,14052,吉林市,本科
黑龙江大学,10212,哈尔滨市,本科
哈尔滨工业大学,10213,哈尔滨市,本科
哈尔滨理工大学,10214,哈尔滨市,本科
哈尔滨工程大学,10217,哈尔滨市,本科
黑龙江科技大学,10219,哈尔滨市,本科
东北石油大学,10220,大庆市,本科
佳木斯大学,10222,佳木斯市,本科
黑龙江八一农垦大学,10223,大庆市,本科
东北农业大学,10224,哈尔滨市,本科
东北林业大学,10225,哈尔滨市,本科
哈尔滨医科大学,10226,哈尔滨市,本科
黑龙江中医药大学,10228,哈尔滨市,本科
牡丹江医科大学,10229,牡丹江市,本科
哈尔滨师范大学,10231,哈尔滨市,本科
齐齐哈尔大学,10232,齐齐哈尔市,本科
牡丹江师范学院,10233,牡丹江市,本科
哈尔滨学院,10234,哈尔滨市,本科
大庆师范学院,10235,大庆市,本科
绥化学院,10236,绥化市,本科
哈尔滨商业大学,10240,哈尔滨市,本科
哈尔滨体育学院,10242,哈尔滨市,本科
哈尔滨金融学院,10245,哈尔滨市,本科
齐齐哈尔医学院,11230,齐齐哈尔市,本科
黑龙江工业学院,11445,鸡西市,本科
黑龙江东方学院,11446,哈尔滨市,本科
哈尔滨信息工程学院,11635,哈尔滨市,本科
黑龙江工程学院,11802,哈尔滨市,本科
齐齐哈尔工程学院,12729,齐齐哈尔市,本科
黑龙江外国语学院,13296,哈尔滨市,本科
黑龙江财经学院,13298,哈尔滨市,本科
哈尔滨石油学院,13299,哈尔滨市,本科
黑龙江工商学院,13300,哈尔滨市,本科
哈尔滨远东理工学院,13301,哈尔滨市,本科
哈尔滨剑桥学院,13303,哈尔滨市,本科
黑龙江工程学院昆仑旅游学院,13304,哈尔滨市,本科
哈尔滨广厦学院,13306,哈尔滨市,本科
哈尔滨华德学院,13307,哈尔滨市,本科
黑河学院,13744,黑河市,本科
哈尔滨音乐学院,14560,哈尔滨市,本科
哈尔滨职业技术大学,12911,哈尔滨市,本科
复旦大学,10246,上海市,本科
同济大学,10247,上海市,本科
上海交通大学,10248,上海市,本科
华东理工大学,10251,上海市,本科
上海理工大学,10252,上海市,本科
上海海事大学,10254,上海市,本科
东华大学,10255,上海市,本科
上海电力大学,10256,上海市,本科
上海应用技术大学,10259,上海市,本科
上海健康医学院,10262,上海市,本科
上海海洋大学,10264,上海市,本科
上海中医药大学,10268,上海市,本科
华东师范大学,10269,上海市,本科
上海师范大学,10270,上海市,本科
上海外国语大学,10271,上海市,本科
上海财经大学,10272,上海市,本科
上海对外经贸大学,10273,上海市,本科
上海海关学院,10274,上海市,本科
华东政法大学,10276,上海市,本科
上海体育大学,10277,上海市,本科
上海音乐学院,10278,上海市,本科
上海戏剧学院,10279,上海市,本科
上海大学,10280,上海市,本科
上海公安学院,10283,上海市,本科
上海工程技术大学,10856,上海市,本科
上海立信会计金融学院,11047,上海市,本科
上海电机学院,11458,上海市,本科
上海杉达学院,11833,上海市,本科
上海政法学院,11835,上海市,本科
上海第二工业大学,12044,上海市,本科
上海商学院,12050,上海市,本科
上海立达学院,12587,上海市,本科
上海建桥学院,12799,上海市,本科
上海兴伟学院,12914,上海市,本科
上海中侨职业技术大学,12915,上海市,本科
上海视觉艺术学院,13632,上海市,本科
上海外国语大学贤达经济人文学院,13636,上海市,本科
上海师范大学天华学院,13893,上海市,本科
上海科技大学,14423,上海市,本科
上海纽约大学,16404,上海市,本科
南京大学,10284,南京市,本科
苏州大学,10285,苏州市,本科
东南大学,10286,南京市,本科
南京航空航天大学,10287,南京市,本科
南京理工大学,10288,南京市,本科
江苏科技大学,10289,镇江市,本科
中国矿业大学,10290,徐州市,本科
南京工业大学,10291,南京市,本科
常州大学,10292,常州市,本科
南京邮电大学,10293,南京市,本科
河海大学,10294,南京市,本科
江南大学,10295,无锡市,本科
南京林业大学,10298,南京市,本科
江苏大学,10299,镇江市,本科
南京信息工程大学,10300,南京市,本科
南通大学,10304,南通市,本科
盐城工学院,10305,盐城市,本科
南京农业大学,10307,南京市,本科
南京医科大学,10312,南京市,本科
徐州医科大学,10313,徐州市,本科
南京中医药大学,10315,南京市,本科
中国药科大学,10316,南京市,本科
南京师范大学,10319,南京市,本科
江苏师范大学,10320,徐州市,本科
淮阴师范学院,10323,淮安市,本科
盐城师范学院,10324,盐城市,本科
南京财经大学,10327,南京市,本科
江苏警官学院,10329,南京市,本科
南京体育学院,10330,南京市,本科
南京艺术学院,10331,南京市,本科
苏州科技大学,10332,苏州市,本科
苏州工学院,10333,苏州市,本科
南京工业职业技术大学,10850,南京市,本科
淮阴工学院,11049,淮安市,本科
常州工学院,11055,常州市,本科
扬州大学,11117,扬州市,本科
三江学院,11122,南京市,本科
南京工程学院,11276,南京市,本科
南京审计大学,11287,南京市,本科
南京晓庄学院,11460,南京市,本科
江苏理工学院,11463,常州市,本科
江苏海洋大学,11641,连云港市,本科
徐州工程学院,11998,徐州市,本科
南京特殊教育师范学院,12048,南京市,本科
南通理工学院,12056,南通市,本科
南京警察学院,12213,南京市,本科
东南大学成贤学院,12689,南京市,本科
泰州学院,12917,泰州市,本科
无锡太湖学院,13571,无锡市,本科
金陵科技学院,13573,南京市,本科
中国矿业大学徐海学院,13579,徐州市,本科
南京大学金陵学院,13646,南京市,本科
南京理工大学紫金学院,13654,南京市,本科
南京航空航天大学金城学院,13655,南京市,本科
南京传媒学院,13687,南京市,本科
南京理工大学泰州科技学院,13842,泰州市,本科
南京师范大学泰州学院,13843,泰州市,本科
南京工业大学浦江学院,13905,南京市,本科
南京师范大学中北学院,13906,镇江市,本科
南京医科大学康达学院,13980,连云港市,本科
南京中医药大学翰林学院,13981,泰州市,本科
无锡学院,13982,无锡市,本科
苏州城市学院,13983,苏州市,本科
苏州大学应用技术学院,13984,苏州市,本科
苏州科技大学天平学院,13985,南京市,本科
江苏大学京江学院,13986,镇江市,本科
扬州大学广陵学院,13987,扬州市,本科
江苏师范大学科文学院,13988,徐州市,本科
南京邮电大学通达学院,13989,扬州市,本科
南京财经大学红山学院,13990,南京市,本科
江苏科技大学苏州理工学院,13991,苏州市,本科
常州大学怀德学院,13992,泰州市,本科
南通大学杏林学院,13993,南通市,本科
南京审计大学金审学院,13994,南京市,本科
宿迁学院,14160,宿迁市,本科
江苏第二师范学院,14436,南京市,本科
西交利物浦大学,16403,苏州市,本科
昆山杜克大学,16406,昆山市,本科
连云港师范学院,11585,连云港市,本科
无锡职业技术大学,10848,无锡市,本科
苏州职业技术大学,11054,苏州市,本科
扬州职业技术大学,11462,扬州市,本科
浙江大学,10335,杭州市,本科
杭州电子科技大学,10336,杭州市,本科
浙江工业大学,10337,杭州市,本科
浙江理工大学,10338,杭州市,本科
浙江海洋大学,10340,舟山市,本科
浙江农林大学,10341,杭州市,本科
温州医科大学,10343,温州市,本科
浙江中医药大学,10344,杭州市,本科
浙江师范大学,10345,金华市,本科
杭州师范大学,10346,杭州市,本科
湖州师范学院,10347,湖州市,本科
绍兴文理学院,10349,绍兴市,本科
台州学院,10350,台州市,本科
温州大学,10351,温州市,本科
丽水学院,10352,丽水市,本科
浙江工商大学,10353,杭州市,本科
嘉兴大学,10354,嘉兴市,本科
中国美术学院,10355,杭州市,本科
中国计量大学,10356,杭州市,本科
浙江万里学院,10876,宁波市,本科
浙江科技大学,11057,杭州市,本科
宁波工程学院,11058,宁波市,本科
浙江水利水电学院,11481,杭州市,本科
浙江财经大学,11482,杭州市,本科
浙江警察学院,11483,杭州市,本科
衢州学院,11488,衢州市,本科
宁波大学,11646,宁波市,本科
浙江传媒学院,11647,杭州市,本科
浙江树人学院,11842,杭州市,本科
浙江越秀外国语学院,12792,绍兴市,本科
宁波财经学院,13001,宁波市,本科
浙大城市学院,13021,杭州市,本科
浙大宁波理工学院,13022,宁波市,本科
杭州医学院,13023,杭州市,本科
浙江广厦建设职业技术大学,13029,金华市,本科
浙江工业大学之江学院,13275,杭州市,本科
浙江师范大学行知学院,13276,金华市,本科
宁波大学科学技术学院,13277,宁波市,本科
杭州电子科技大学信息工程学院,13279,杭州市,本科
浙江理工大学科技与艺术学院,13280,杭州市,本科
浙江农林大学暨阳学院,13283,绍兴市,本科
温州医科大学仁济学院,13284,温州市,本科
浙江中医药大学滨江学院,13285,杭州市,本科
杭州师范大学钱江学院,13286,杭州市,本科
湖州学院,13287,湖州市,本科
绍兴理工学院,13288,绍兴市,本科
温州理工学院,13289,温州市,本科
浙江工商大学杭州商学院,13290,杭州市,本科
嘉兴南湖学院,13291,嘉兴市,本科
中国计量大学现代科技学院,13292,杭州市,本科
浙江财经大学东方学院,13294,嘉兴市,本科
温州商学院,13637,温州市,本科
同济大学浙江学院,14206,嘉兴市,本科
上海财经大学浙江学院,14207,金华市,本科
浙江外国语学院,14275,杭州市,本科
浙江音乐学院,14535,杭州市,本科
西湖大学,14626,杭州市,本科
浙江药科职业大学,16207,宁波市,本科
金华职业技术大学,12061,金华市,本科
浙江机电职业技术大学,12861,杭州市,本科
宁波诺丁汉大学,16301,宁波市,本科
温州肯恩大学,16405,温州市,本科
宁波职业技术大学,10863,宁波市,本科
杭州职业技术大学,12872,杭州市,本科
宁波东方理工大学,14943,宁波市,本科
安徽大学,10357,合肥市,本科
中国科学技术大学,10358,合肥市,本科
合肥工业大学,10359,合肥市,本科
安徽工业大学,10360,马鞍山市,本科
安徽理工大学,10361,淮南市,本科
安徽工程大学,10363,芜湖市,本科
安徽农业大学,10364,合肥市,本科
安徽医科大学,10366,合肥市,本科
蚌埠医科大学,10367,蚌埠市,本科
皖南医学院,10368,芜湖市,本科
安徽中医药大学,10369,合肥市,本科
安徽师范大学,10370,芜湖市,本科
阜阳师范大学,10371,阜阳市,本科
安庆师范大学,10372,安庆市,本科
淮北师范大学,10373,淮北市,本科
黄山学院,10375,黄山市,本科
皖西学院,10376,六安市,本科
滁州学院,10377,滁州市,本科
安徽财经大学,10378,蚌埠市,本科
宿州学院,10379,宿州市,本科
巢湖学院,10380,合肥市,本科
淮南师范学院,10381,淮南市,本科
铜陵学院,10383,铜陵市,本科
安徽建筑大学,10878,合肥市,本科
安徽科技学院,10879,滁州市,本科
安徽三联学院,10959,合肥市,本科
合肥大学,11059,合肥市,本科
蚌埠学院,11305,蚌埠市,本科
池州学院,11306,池州市,本科
安徽新华学院,12216,合肥市,本科
安徽文达信息工程学院,12810,合肥市,本科
亳州学院,12926,亳州市,本科
安徽外国语学院,13065,合肥市,本科
蚌埠工商学院,13611,蚌埠市,本科
合肥理工学院,13612,合肥市,本科
安徽信息工程学院,13613,芜湖市,本科
马鞍山学院,13614,马鞍山市,本科
合肥城市学院,13615,合肥市,本科
合肥经济学院,13616,合肥市,本科
芜湖学院,13617,芜湖市,本科
安徽医科大学临床医学院,13618,合肥市,本科
阜阳理工学院,13619,阜阳市,本科
淮北理工学院,13620,淮北市,本科
合肥师范学院,14098,合肥市,本科
皖江工学院,14203,马鞍山市,本科
安徽艺术学院,14682,合肥市,本科
安徽公安学院,14840,合肥市,本科
安徽职业技术大学,10869,合肥市,本科
芜湖职业技术大学,11061,芜湖市,本科
安徽第二医学院,12925,合肥市,本科
厦门大学,10384,厦门市,本科
华侨大学,10385,泉州市,本科
福州大学,10386,福州市,本科
福建理工大学,10388,福州市,本科
福建农林大学,10389,福州市,本科
集美大学,10390,厦门市,本科
福建医科大学,10392,福州市,本科
福建中医药大学,10393,福州市,本科
福建师范大学,10394,福州市,本科
闽江学院,10395,福州市,本科
武夷学院,10397,南平市,本科
宁德师范学院,10398,宁德市,本科
泉州师范学院,10399,泉州市,本科
闽南师范大学,10402,漳州市,本科
厦门理工学院,11062,厦门市,本科
三明学院,11311,三明市,本科
龙岩学院,11312,龙岩市,本科
福建商学院,11313,福州市,本科
福建警察学院,11495,福州市,本科
莆田学院,11498,莆田市,本科
仰恩大学,11784,泉州市,本科
厦门医学院,12631,厦门市,本科
厦门华厦学院,12709,厦门市,本科
闽南理工学院,12710,泉州市,本科
泉州职业技术大学,12928,泉州市,本科
闽南科技学院,12992,泉州市,本科
福州工商学院,12993,福州市,本科
厦门工学院,13115,厦门市,本科
阳光学院,13468,福州市,本科
厦门大学嘉庚学院,13469,漳州市,本科
福州大学至诚学院,13470,福州市,本科
集美大学诚毅学院,13471,厦门市,本科
福建师范大学协和学院,13472,福州市,本科
福州外语外贸学院,13762,福州市,本科
福建江夏学院,13763,福州市,本科
泉州信息工程学院,13766,泉州市,本科
福州理工学院,13773,福州市,本科
福建农林大学金山学院,14046,福州市,本科
福建技术师范学院,14683,福州市,本科
福建福耀科技大学,14896,福州市,本科
黎明职业大学,11317,泉州市,本科
南昌大学,10403,南昌市,本科
华东交通大学,10404,南昌市,本科
东华理工大学,10405,抚州市,本科
南昌航空大学,10406,南昌市,本科
江西理工大学,10407,赣州市,本科
景德镇陶瓷大学,10408,景德镇市,本科
江西农业大学,10410,南昌市,本科
江西中医药大学,10412,南昌市,本科
赣南医科大学,10413,赣州市,本科
江西师范大学,10414,南昌市,本科
上饶师范学院,10416,上饶市,本科
宜春学院,10417,宜春市,本科
赣南师范大学,10418,赣州市,本科
井冈山大学,10419,吉安市,本科
江西财经大学,10421,南昌市,本科
江西科技学院,10846,南昌市,本科
景德镇学院,10894,景德镇市,本科
萍乡学院,10895,萍乡市,本科
江西科技师范大学,11318,南昌市,本科
江西水利电力大学,11319,南昌市,本科
江西警察学院,11504,南昌市,本科
新余学院,11508,新余市,本科
九江学院,11843,九江市,本科
江西工程学院,12766,新余市,本科
南昌理工学院,12795,南昌市,本科
江西应用科技学院,12938,南昌市,本科
江西服装学院,13418,南昌市,本科
南昌职业大学,13420,南昌市,本科
南昌工学院,13421,南昌市,本科
南昌大学科学技术学院,13429,南昌市,本科
南昌大学共青学院,13430,九江市,本科
南昌交通学院,13431,南昌市,本科
赣东学院,13432,抚州市,本科
南昌航空大学科技学院,13433,南昌市,本科
赣南科技学院,13434,赣州市,本科
景德镇艺术职业大学,13435,景德镇市,本科
江西农业大学南昌商学院,13436,南昌市,本科
南昌医学院,13437,南昌市,本科
江西师范大学科学技术学院,13438,南昌市,本科
赣南师范大学科技学院,13439,赣州市,本科
南昌应用技术师范学院,13440,南昌市,本科
江西财经大学现代经济管理学院,13441,南昌市,本科
豫章师范学院,13774,南昌市,本科
江西软件职业技术大学,13776,南昌市,本科
南昌师范学院,14437,南昌市,本科
江西飞行学院,14839,南昌市,本科
江西职业技术大学,11785,九江市,本科
抚州医药学院,13775,抚州市,本科
九江科技职业大学,14403,九江市,本科
山东大学,10422,济南市,本科
中国海洋大学,10423,青岛市,本科
山东科技大学,10424,青岛市,本科
中国石油大学（华东）,10425,青岛市,本科
青岛科技大学,10426,青岛市,本科
济南大学,10427,济南市,本科
青岛理工大学,10429,青岛市,本科
山东建筑大学,10430,济南市,本科
齐鲁工业大学,10431,济南市,本科
山东理工大学,10433,淄博市,本科
山东农业大学,10434,泰安市,本科
青岛农业大学,10435,青岛市,本科
山东第二医科大学,10438,潍坊市,本科
山东第一医科大学,10439,济南市,本科
滨州医学院,10440,滨州市,本科
山东中医药大学,10441,济南市,本科
济宁医学院,10443,济宁市,本科
山东师范大学,10445,济南市,本科
曲阜师范大学,10446,济宁市,本科
聊城大学,10447,聊城市,本科
德州学院,10448,德州市,本科
山东航空学院,10449,滨州市,本科
鲁东大学,10451,烟台市,本科
临沂大学,10452,临沂市,本科
泰山学院,10453,泰安市,本科
济宁学院,10454,济宁市,本科
菏泽学院,10455,菏泽市,本科
山东财经大学,10456,济南市,本科
山东体育学院,10457,济南市,本科
山东艺术学院,10458,济南市,本科
齐鲁医药学院,10825,淄博市,本科
青岛滨海学院,10868,青岛市,本科
枣庄学院,10904,枣庄市,本科
山东工艺美术学院,10908,济南市,本科
青岛大学,11065,青岛市,本科
烟台大学,11066,烟台市,本科
潍坊学院,11067,潍坊市,本科
山东警察学院,11324,济南市,本科
山东交通学院,11510,济南市,本科
山东工商学院,11688,烟台市,本科
山东女子学院,12331,济南市,本科
烟台南山学院,12332,烟台市,本科
潍坊科技学院,12843,潍坊市,本科
山东英才学院,13006,济南市,本科
青岛恒星科技学院,13015,青岛市,本科
青岛黄海学院,13320,青岛市,本科
山东现代学院,13322,济南市,本科
山东协和学院,13324,济南市,本科
山东工程职业技术大学,13356,济南市,本科
烟台理工学院,13359,烟台市,本科
聊城大学东昌学院,13373,聊城市,本科
青岛城市学院,13378,青岛市,本科
潍坊理工学院,13379,潍坊市,本科
山东财经大学燕山学院,13383,济南市,本科
山东石油化工学院,13386,东营市,本科
山东外国语职业技术大学,13387,日照市,本科
泰山科技学院,13624,泰安市,本科
山东华宇工学院,13857,德州市,本科
山东外事职业大学,13874,威海市,本科
青岛工学院,13995,青岛市,本科
青岛农业大学海都学院,13997,烟台市,本科
齐鲁理工学院,13998,济南市,本科
山东财经大学东方学院,13999,泰安市,本科
烟台科技学院,14002,烟台市,本科
山东政法学院,14100,济南市,本科
齐鲁师范学院,14276,济南市,本科
山东青年政治学院,14277,济南市,本科
青岛电影学院,14327,青岛市,本科
山东管理学院,14438,济南市,本科
山东农业工程学院,14439,济南市,本科
康复大学,14878,青岛市,本科
淄博职业技术大学,13009,淄博市,本科
华北水利水电大学,10078,郑州市,本科
郑州大学,10459,郑州市,本科
河南理工大学,10460,焦作市,本科
郑州轻工业大学,10462,郑州市,本科
河南工业大学,10463,郑州市,本科
河南科技大学,10464,洛阳市,本科
中原工学院,10465,郑州市,本科
河南农业大学,10466,郑州市,本科
河南科技学院,10467,新乡市,本科
河南牧业经济学院,10469,郑州市,本科
河南中医药大学,10471,郑州市,本科
河南医药大学,10472,新乡市,本科
河南大学,10475,开封市,本科
河南师范大学,10476,新乡市,本科
信阳师范大学,10477,信阳市,本科
周口师范学院,10478,周口市,本科
安阳师范学院,10479,安阳市,本科
许昌学院,10480,许昌市,本科
南阳师范学院,10481,南阳市,本科
洛阳师范学院,10482,洛阳市,本科
商丘师范学院,10483,商丘市,本科
河南财经政法大学,10484,郑州市,本科
郑州航空工业管理学院,10485,郑州市,本科
黄淮学院,10918,驻马店市,本科
平顶山学院,10919,平顶山市,本科
郑州工程技术学院,11068,郑州市,本科
洛阳理工学院,11070,洛阳市,本科
新乡学院,11071,新乡市,本科
信阳农林学院,11326,信阳市,本科
河南工学院,11329,新乡市,本科
安阳工学院,11330,安阳市,本科
河南工程学院,11517,郑州市,本科
河南财政金融学院,11652,郑州市,本科
南阳理工学院,11653,南阳市,本科
河南城建学院,11765,平顶山市,本科
河南警察学院,11788,郑州市,本科
黄河科技学院,11834,郑州市,本科
郑州警察学院,12735,郑州市,本科
郑州科技学院,12746,郑州市,本科
郑州工业应用技术学院,12747,郑州市,本科
郑州师范学院,12949,郑州市,本科
郑州财经学院,13497,郑州市,本科
黄河交通学院,13498,焦作市,本科
商丘工学院,13500,商丘市,本科
河南开封科技传媒学院,13501,开封市,本科
中原科技学院,13502,郑州市,本科
信阳学院,13503,信阳市,本科
安阳学院,13504,安阳市,本科
豫北医学院,13505,新乡市,本科
新乡工程学院,13506,新乡市,本科
郑州工商学院,13507,郑州市,本科
郑州经贸学院,13508,郑州市,本科
商丘学院,14003,商丘市,本科
郑州商学院,14040,郑州市,本科
河南科技职业大学,14169,周口市,本科
郑州升达经贸管理学院,14333,郑州市,本科
郑州西亚斯学院,14654,郑州市,本科
郑州美术学院,14831,郑州市,本科
漯河食品工程职业大学,14233,漯河市,本科
河南体育学院,14879,郑州市,本科
郑州健康学院,12948,郑州市,本科
黄河水利职业技术大学,12058,开封市,本科
武汉大学,10486,武汉市,本科
华中科技大学,10487,武汉市,本科
武汉科技大学,10488,武汉市,本科
长江大学,10489,荆州市,本科
武汉工程大学,10490,武汉市,本科
中国地质大学（武汉）,10491,武汉市,本科
武汉纺织大学,10495,武汉市,本科
武汉轻工大学,10496,武汉市,本科
武汉理工大学,10497,武汉市,本科
湖北工业大学,10500,武汉市,本科
华中农业大学,10504,武汉市,本科
湖北中医药大学,10507,武汉市,本科
华中师范大学,10511,武汉市,本科
湖北大学,10512,武汉市,本科
湖北师范大学,10513,黄石市,本科
黄冈师范学院,10514,黄冈市,本科
湖北民族大学,10517,恩施土家族苗族自治州,本科
汉江师范学院,10518,十堰市,本科
湖北文理学院,10519,襄阳市,本科
中南财经政法大学,10520,武汉市,本科
武汉体育学院,10522,武汉市,本科
湖北美术学院,10523,武汉市,本科
中南民族大学,10524,武汉市,本科
湖北汽车工业学院,10525,十堰市,本科
湖北工程学院,10528,孝感市,本科
湖北理工学院,10920,黄石市,本科
湖北科技学院,10927,咸宁市,本科
湖北医药学院,10929,十堰市,本科
江汉大学,11072,武汉市,本科
三峡大学,11075,宜昌市,本科
湖北警官学院,11332,武汉市,本科
荆楚理工学院,11336,荆门市,本科
武汉音乐学院,11524,武汉市,本科
湖北经济学院,11600,武汉市,本科
武汉商学院,11654,武汉市,本科
武汉东湖学院,11798,武汉市,本科
汉口学院,11800,武汉市,本科
武昌首义学院,12309,武汉市,本科
武昌理工学院,12310,武汉市,本科
武汉生物工程学院,12362,武汉市,本科
武汉晴川学院,13188,武汉市,本科
湖北大学知行学院,13234,武汉市,本科
武汉城市学院,13235,武汉市,本科
三峡大学科技学院,13236,宜昌市,本科
武汉文理学院,13237,武汉市,本科
湖北工业大学工程技术学院,13238,武汉市,本科
武汉工程大学邮电与信息工程学院,13239,武汉市,本科
武汉纺织大学外经贸学院,13240,武汉市,本科
武昌工学院,13241,武汉市,本科
武汉工商学院,13242,武汉市,本科
荆州学院,13245,荆州市,本科
长江大学文理学院,13246,荆州市,本科
湖北商贸学院,13247,武汉市,本科
湖北汽车工业学院科技学院,13248,十堰市,本科
湖北医药学院药护学院,13249,十堰市,本科
湖北恩施学院,13250,恩施土家族苗族自治州,本科
湖北经济学院法商学院,13251,武汉市,本科
武汉体育学院体育科技学院,13253,武汉市,本科
湖北师范大学文理学院,13256,黄石市,本科
湖北文理学院理工学院,13257,襄阳市,本科
湖北工程学院新技术学院,13258,孝感市,本科
文华学院,13262,武汉市,本科
武汉学院,13634,武汉市,本科
武汉工程科技学院,13664,武汉市,本科
武汉华夏理工学院,13666,武汉市,本科
武汉传媒学院,13686,武汉市,本科
武汉设计工程学院,14035,武汉市,本科
湖北第二师范学院,14099,武汉市,本科
武汉职业技术大学,10834,武汉市,本科
湖北三峡航空学院,14899,宜昌市,本科
湘潭大学,10530,湘潭市,本科
吉首大学,10531,湘西土家族苗族自治州,本科
湖南大学,10532,长沙市,本科
中南大学,10533,长沙市,本科
湖南科技大学,10534,湘潭市,本科
长沙理工大学,10536,长沙市,本科
湖南农业大学,10537,长沙市,本科
中南林业科技大学,10538,长沙市,本科
湖南中医药大学,10541,长沙市,本科
湖南师范大学,10542,长沙市,本科
湖南理工学院,10543,岳阳市,本科
湘南学院,10545,郴州市,本科
衡阳师范学院,10546,衡阳市,本科
邵阳学院,10547,邵阳市,本科
怀化学院,10548,怀化市,本科
湖南文理学院,10549,常德市,本科
湖南科技学院,10551,永州市,本科
湖南人文科技学院,10553,娄底市,本科
湖南工商大学,10554,长沙市,本科
南华大学,10555,衡阳市,本科
长沙医学院,10823,长沙市,本科
长沙学院,11077,长沙市,本科
湖南工程学院,11342,湘潭市,本科
湖南城市学院,11527,益阳市,本科
湖南工学院,11528,衡阳市,本科
湖南财政经济学院,11532,长沙市,本科
湖南警察学院,11534,长沙市,本科
湖南工业大学,11535,株洲市,本科
湖南女子学院,11538,长沙市,本科
湖南第一师范学院,12034,长沙市,本科
湖南医药学院,12214,怀化市,本科
湖南涉外经济学院,12303,长沙市,本科
湘潭大学兴湘学院,12599,湘潭市,本科
湖南工业大学科技学院,12604,株洲市,本科
湖南科技大学潇湘学院,12649,湘潭市,本科
南华大学船山学院,12650,衡阳市,本科
湘潭理工学院,12651,湘潭市,本科
长沙工业学院,12652,长沙市,本科
湖南农业大学东方科技学院,12653,长沙市,本科
中南林业科技大学涉外学院,12656,长沙市,本科
常德学院,12657,常德市,本科
岳阳学院,12658,岳阳市,本科
衡阳师范学院南岳学院,12659,衡阳市,本科
湖南工程学院应用技术学院,12660,湘潭市,本科
湖南中医药大学湘杏学院,12661,长沙市,本科
张家界学院,12662,张家界市,本科
长沙理工大学城南学院,13635,长沙市,本科
长沙师范学院,13806,长沙市,本科
湖南应用技术学院,13809,常德市,本科
湖南信息学院,13836,长沙市,本科
湖南交通工程学院,13924,衡阳市,本科
湖南软件职业技术大学,13925,湘潭市,本科
湖南汽车工程职业大学,13937,株洲市,本科
长沙科技学院,14900,长沙市,本科
中山大学,10558,广州市,本科
暨南大学,10559,广州市,本科
汕头大学,10560,汕头市,本科
华南理工大学,10561,广州市,本科
华南农业大学,10564,广州市,本科
广东海洋大学,10566,湛江市,本科
广州医科大学,10570,广州市,本科
广东医科大学,10571,湛江市,本科
广州中医药大学,10572,广州市,本科
广东药科大学,10573,广州市,本科
华南师范大学,10574,广州市,本科
韶关学院,10576,韶关市,本科
惠州学院,10577,惠州市,本科
韩山师范学院,10578,潮州市,本科
岭南师范学院,10579,湛江市,本科
肇庆学院,10580,肇庆市,本科
嘉应学院,10582,梅州市,本科
广州体育学院,10585,广州市,本科
广州美术学院,10586,广州市,本科
星海音乐学院,10587,广州市,本科
广东技术师范大学,10588,广州市,本科
深圳大学,10590,深圳市,本科
广东财经大学,10592,广州市,本科
广东白云学院,10822,广州市,本科
广州大学,11078,广州市,本科
广州航海学院,11106,广州市,本科
广东警官学院,11110,广州市,本科
仲恺农业工程学院,11347,广州市,本科
五邑大学,11349,江门市,本科
广东金融学院,11540,广州市,本科
电子科技大学中山学院,11545,中山市,本科
广东石油化工学院,11656,茂名市,本科
东莞理工学院,11819,东莞市,本科
广东工业大学,11845,广州市,本科
广东外语外贸大学,11846,广州市,本科
佛山大学,11847,佛山市,本科
广东培正学院,12059,广州市,本科
南方医科大学,12121,广州市,本科
广东东软学院,12574,佛山市,本科
广州城市理工学院,12617,广州市,本科
广州软件学院,12618,广州市,本科
广州南方学院,12619,广州市,本科
广东外语外贸大学南国商学院,12620,广州市,本科
广州华商学院,12621,广州市,本科
湛江科技学院,12622,湛江市,本科
华南农业大学珠江学院,12623,广州市,本科
广州理工学院,12668,广州市,本科
北京师范大学珠海分校,13177,珠海市,本科
广州华立学院,13656,广州市,本科
广州应用科技学院,13657,广州市,本科
广州商学院,13667,广州市,本科
北京理工大学珠海学院,13675,珠海市,本科
珠海科技学院,13684,珠海市,本科
广州工商学院,13714,广州市,本科
广州科技职业技术大学,13717,广州市,本科
广东科技学院,13719,东莞市,本科
广东理工学院,13720,肇庆市,本科
广东工商职业技术大学,13721,肇庆市,本科
东莞城市学院,13844,东莞市,本科
广州新华学院,13902,广州市,本科
广东第二师范学院,14278,广州市,本科
南方科技大学,14325,深圳市,本科
深圳技术大学,14655,深圳市,本科
北京师范大学-香港浸会大学联合国际学院,16401,珠海市,本科
香港科技大学（广州）,16412,广州市,本科
香港中文大学（深圳）,16407,深圳市,本科
深圳北理莫斯科大学,16409,深圳市,本科
广东以色列理工学院,16410,汕头市,本科
香港城市大学（东莞）,14851,东莞市,本科
深圳职业技术大学,11113,深圳市,本科
深圳理工大学,14880,深圳市,本科
肇庆医学院,13810,肇庆市,本科
广东轻工职业技术大学,10833,广州市,本科
顺德职业技术大学,10831,佛山市,本科
广州职业技术大学,12046,广州市,本科
深圳信息职业技术大学,12957,深圳市,本科
大湾区大学,14942,东莞市,本科
广西大学,10593,南宁市,本科
广西科技大学,10594,柳州市,本科
桂林电子科技大学,10595,桂林市,本科
桂林理工大学,10596,桂林市,本科
广西医科大学,10598,南宁市,本科
右江民族医学院,10599,百色市,本科
广西中医药大学,10600,南宁市,本科
桂林医科大学,10601,桂林市,本科
广西师范大学,10602,桂林市,本科
南宁师范大学,10603,南宁市,本科
广西民族师范学院,10604,崇左市,本科
河池学院,10605,河池市,本科
玉林师范学院,10606,玉林市,本科
广西艺术学院,10607,南宁市,本科
广西民族大学,10608,南宁市,本科
百色学院,10609,百色市,本科
梧州学院,11354,梧州市,本科
广西科技师范学院,11546,来宾市,本科
广西财经学院,11548,南宁市,本科
南宁学院,11549,南宁市,本科
北部湾大学,11607,钦州市,本科
桂林航天工业学院,11825,桂林市,本科
桂林旅游学院,11837,桂林市,本科
贺州学院,11838,贺州市,本科
广西警察学院,13520,南宁市,本科
北海艺术设计学院,13524,北海市,本科
广西农业职业技术大学,16205,南宁市,本科
柳州工学院,13639,柳州市,本科
广西民族大学相思湖学院,13640,南宁市,本科
桂林学院,13641,桂林市,本科
南宁师范大学师园学院,13642,南宁市,本科
广西中医药大学赛恩斯新医药学院,13643,南宁市,本科
桂林信息科技学院,13644,桂林市,本科
南宁理工学院,13645,桂林市,本科
广西外国语学院,13830,南宁市,本科
北京航空航天大学北海学院,13890,北海市,本科
广西城市职业大学,13920,崇左市,本科
广西职业师范学院,14684,南宁市,本科
南宁职业技术大学,11355,南宁市,本科
柳州职业技术大学,12104,柳州市,本科
桂林师范学院,11671,桂林市,本科
海南大学,10589,海口市,本科
海南热带海洋学院,11100,三亚市,本科
海南师范大学,11658,海口市,本科
海南医科大学,11810,海口市,本科
海口经济学院,12308,海口市,本科
琼台师范学院,13811,海口市,本科
三亚学院,13892,三亚市,本科
海南科技职业大学,14172,海口市,本科
海南比勒费尔德应用科学大学,14829,陵水黎族自治县,本科
海南警察学院,14944,海口市,本科
海南洛桑旅游大学,14948,三亚市,本科
重庆大学,10611,重庆市,本科
重庆邮电大学,10617,重庆市,本科
重庆交通大学,10618,重庆市,本科
重庆医科大学,10631,重庆市,本科
西南大学,10635,重庆市,本科
重庆师范大学,10637,重庆市,本科
重庆文理学院,10642,重庆市,本科
重庆三峡学院,10643,重庆市,本科
长江师范学院,10647,重庆市,本科
四川外国语大学,10650,重庆市,本科
西南政法大学,10652,重庆市,本科
四川美术学院,10655,重庆市,本科
重庆科技大学,11551,重庆市,本科
重庆理工大学,11660,重庆市,本科
重庆工商大学,11799,重庆市,本科
重庆机电职业技术大学,12607,重庆市,本科
重庆工程学院,12608,重庆市,本科
重庆城市科技学院,12616,重庆市,本科
重庆警察学院,12757,重庆市,本科
重庆人文科技学院,13548,重庆市,本科
重庆外语外事学院,13588,重庆市,本科
重庆对外经贸学院,13589,重庆市,本科
重庆财经学院,13590,重庆市,本科
重庆工商大学派斯学院,13591,重庆市,本科
重庆移通学院,13627,重庆市,本科
重庆第二师范学院,14388,重庆市,本科
重庆中医药学院,14830,重庆市,本科
重庆电子科技职业大学,12609,重庆市,本科
重庆工业职业技术大学,12215,重庆市,本科
四川大学,10610,成都市,本科
西南交通大学,10613,成都市,本科
电子科技大学,10614,成都市,本科
西南石油大学,10615,成都市,本科
成都理工大学,10616,成都市,本科
西南科技大学,10619,绵阳市,本科
成都信息工程大学,10621,成都市,本科
四川轻化工大学,10622,自贡市,本科
西华大学,10623,成都市,本科
中国民用航空飞行学院,10624,德阳市,本科
四川农业大学,10626,雅安市,本科
西昌学院,10628,凉山彝族自治州,本科
西南医科大学,10632,泸州市,本科
成都中医药大学,10633,成都市,本科
川北医学院,10634,南充市,本科
四川师范大学,10636,成都市,本科
西华师范大学,10638,南充市,本科
绵阳师范学院,10639,绵阳市,本科
内江师范学院,10640,内江市,本科
宜宾学院,10641,宜宾市,本科
四川文理学院,10644,达州市,本科
阿坝师范学院,10646,阿坝藏族羌族自治州,本科
乐山师范学院,10649,乐山市,本科
西南财经大学,10651,成都市,本科
成都体育学院,10653,成都市,本科
四川音乐学院,10654,成都市,本科
西南民族大学,10656,成都市,本科
成都大学,11079,成都市,本科
成都工业学院,11116,成都市,本科
攀枝花学院,11360,攀枝花市,本科
四川旅游学院,11552,成都市,本科
四川民族学院,11661,甘孜藏族自治州,本科
四川警察学院,12212,泸州市,本科
成都东软学院,12636,成都市,本科
成都艺术职业大学,12969,成都市,本科
电子科技大学成都学院,13665,成都市,本科
成都理工大学工程技术学院,13668,乐山市,本科
四川传媒学院,13669,成都市,本科
成都银杏酒店管理学院,13670,成都市,本科
成都文理学院,13671,成都市,本科
四川工商学院,13672,成都市,本科
成都外国语学院,13673,成都市,本科
成都医学院,13705,成都市,本科
四川工业科技学院,13816,德阳市,本科
成都锦城学院,13903,成都市,本科
西南财经大学天府学院,14037,绵阳市,本科
四川大学锦江学院,14039,眉山市,本科
四川文化艺术学院,14043,绵阳市,本科
绵阳城市学院,14045,绵阳市,本科
西南交通大学希望学院,14262,南充市,本科
成都师范学院,14389,成都市,本科
四川电影电视学院,14410,成都市,本科
吉利学院,12802,成都市,本科
四川工程职业技术大学,12763,德阳市,本科
成都航空职业技术大学,12064,成都市,本科
贵州大学,10657,贵阳市,本科
贵州医科大学,10660,贵阳市,本科
遵义医科大学,10661,遵义市,本科
贵州中医药大学,10662,贵阳市,本科
贵州师范大学,10663,贵阳市,本科
遵义师范学院,10664,遵义市,本科
铜仁学院,10665,铜仁市,本科
兴义民族师范学院,10666,黔西南布依族苗族自治州,本科
安顺学院,10667,安顺市,本科
贵州工程应用技术学院,10668,毕节市,本科
凯里学院,10669,黔东南苗族侗族自治州,本科
黔南民族师范学院,10670,黔南布依族苗族自治州,本科
贵州财经大学,10671,贵阳市,本科
贵州民族大学,10672,贵阳市,本科
贵阳学院,10976,贵阳市,本科
六盘水师范学院,10977,六盘水市,本科
贵州商学院,11731,贵阳市,本科
贵州警察学院,12107,贵阳市,本科
贵州中医药大学时珍学院,13647,贵阳市,本科
贵州黔南经济学院,13648,黔南布依族苗族自治州,本科
贵州黔南科技学院,13649,黔南布依族苗族自治州,本科
贵阳信息科技学院,13650,贵阳市,本科
贵阳人文科技学院,13651,贵阳市,本科
贵阳康养职业大学,16206,贵阳市,本科
遵义医科大学医学与科技学院,13653,遵义市,本科
贵州医科大学神奇民族医药学院,13676,贵阳市,本科
贵州师范学院,14223,贵阳市,本科
贵州理工学院,14440,贵阳市,本科
茅台学院,14625,遵义市,本科
贵州交通职业大学,12222,贵阳市,本科
铜仁职业技术大学,13055,铜仁市,本科
贵州轻工职业大学,13818,贵阳市,本科
云南大学,10673,昆明市,本科
昆明理工大学,10674,昆明市,本科
云南农业大学,10676,昆明市,本科
西南林业大学,10677,昆明市,本科
昆明医科大学,10678,昆明市,本科
大理大学,10679,大理白族自治州,本科
云南中医药大学,10680,昆明市,本科
云南师范大学,10681,昆明市,本科
昭通学院,10683,昭通市,本科
曲靖师范学院,10684,曲靖市,本科
普洱学院,10685,普洱市,本科
保山学院,10686,保山市,本科
红河学院,10687,红河哈尼族彝族自治州,本科
云南财经大学,10689,昆明市,本科
云南艺术学院,10690,昆明市,本科
云南民族大学,10691,昆明市,本科
玉溪师范学院,11390,玉溪市,本科
楚雄师范学院,11391,楚雄彝族自治州,本科
云南警官学院,11392,昆明市,本科
昆明学院,11393,昆明市,本科
文山学院,11556,文山壮族苗族自治州,本科
云南经济管理学院,12560,昆明市,本科
滇池学院,13326,昆明市,本科
丽江文化旅游学院,13328,丽江市,本科
昆明理工大学津桥学院,13329,昆明市,本科
昆明城市学院,13330,昆明市,本科
昆明文理学院,13331,昆明市,本科
昆明医科大学海源学院,13332,昆明市,本科
昆明传媒学院,13333,昆明市,本科
云南工商学院,13909,昆明市,本科
滇西科技师范学院,14092,临沧市,本科
滇西应用技术大学,14623,大理白族自治州,本科
丽江师范学院,14015,丽江市,本科
德宏师范学院,14016,德宏傣族景颇族自治州,本科
曲靖健康医学院,14012,曲靖市,本科
西藏农牧大学,10693,林芝市,本科
西藏大学,10694,拉萨市,本科
西藏民族大学,10695,咸阳市,本科
西藏藏医药大学,10696,拉萨市,本科
拉萨师范学院,12481,拉萨市,本科
西北大学,10697,西安市,本科
西安交通大学,10698,西安市,本科
西北工业大学,10699,西安市,本科
西安理工大学,10700,西安市,本科
西安电子科技大学,10701,西安市,本科
西安工业大学,10702,西安市,本科
西安建筑科技大学,10703,西安市,本科
西安科技大学,10704,西安市,本科
西安石油大学,10705,西安市,本科
陕西科技大学,10708,西安市,本科
西安工程大学,10709,西安市,本科
长安大学,10710,西安市,本科
西北农林科技大学,10712,咸阳市,本科
陕西中医药大学,10716,咸阳市,本科
陕西师范大学,10718,西安市,本科
延安大学,10719,延安市,本科
陕西理工大学,10720,汉中市,本科
宝鸡文理学院,10721,宝鸡市,本科
咸阳师范学院,10722,咸阳市,本科
渭南师范学院,10723,渭南市,本科
西安外国语大学,10724,西安市,本科
西北政法大学,10726,西安市,本科
西安体育学院,10727,西安市,本科
西安音乐学院,10728,西安市,本科
西安美术学院,10729,西安市,本科
西安文理学院,11080,西安市,本科
榆林学院,11395,榆林市,本科
商洛学院,11396,商洛市,本科
安康学院,11397,安康市,本科
西安培华学院,11400,西安市,本科
西安财经大学,11560,西安市,本科
西安邮电大学,11664,西安市,本科
西安航空学院,11736,西安市,本科
西安医学院,11840,西安市,本科
西安欧亚学院,12712,西安市,本科
西安外事学院,12713,西安市,本科
西安翻译学院,12714,西安市,本科
西京学院,12715,西安市,本科
西安思源学院,13121,西安市,本科
陕西国际商贸学院,13123,咸阳市,本科
陕西服装工程学院,13125,咸阳市,本科
西安交通工程学院,13569,西安市,本科
西安交通大学城市学院,13677,西安市,本科
西北大学现代学院,13678,西安市,本科
西安建筑科技大学华清学院,13679,西安市,本科
西安财经大学行知学院,13680,西安市,本科
陕西科技大学镐京学院,13681,咸阳市,本科
西安工商学院,13682,西安市,本科
延安大学西安创新学院,13683,西安市,本科
西安电子科技大学长安学院,13685,西安市,本科
西安汽车职业大学,13738,西安市,本科
西安明德理工学院,13894,西安市,本科
西安信息职业大学,14030,西安市,本科
长安大学兴华学院,14034,西安市,本科
西安理工大学高科学院,14041,西安市,本科
西安科技大学高新学院,14042,西安市,本科
陕西学前师范学院,14390,西安市,本科
陕西警察学院,13819,西安市,本科
陕西农林职业技术大学,10966,咸阳市,本科
陕西工业职业技术大学,10828,咸阳市,本科
西安戏剧学院,14945,西安市,本科
兰州大学,10730,兰州市,本科
兰州理工大学,10731,兰州市,本科
兰州交通大学,10732,兰州市,本科
甘肃农业大学,10733,兰州市,本科
甘肃中医药大学,10735,兰州市,本科
西北师范大学,10736,兰州市,本科
兰州城市学院,10737,兰州市,本科
陇东学院,10738,庆阳市,本科
天水师范大学,10739,天水市,本科
河西学院,10740,张掖市,本科
兰州财经大学,10741,兰州市,本科
西北民族大学,10742,兰州市,本科
甘肃政法大学,11406,兰州市,本科
甘肃民族师范学院,11561,甘南藏族自治州,本科
兰州文理学院,11562,兰州市,本科
甘肃医学院,11805,平凉市,本科
兰州工业学院,11807,兰州市,本科
兰州石化职业技术大学,16209,兰州市,本科
兰州工商学院,13511,兰州市,本科
兰州资源环境职业技术大学,16208,兰州市,本科
兰州博文科技学院,13514,兰州市,本科
兰州信息科技学院,13515,兰州市,本科
陇南师范学院,11806,陇南市,本科
甘肃警察学院,12834,兰州市,本科
甘肃林业职业技术大学,12835,天水市,本科
酒泉职业技术大学,12539,酒泉市,本科
甘肃工业职业技术大学,12836,天水市,本科
武威职业技术大学,13518,武威市,本科
青海大学,10743,西宁市,本科
青海师范大学,10746,西宁市,本科
青海民族大学,10748,西宁市,本科
青海大学昆仑学院,13674,西宁市,本科
青海理工学院,14881,西宁市,本科
青海职业技术大学,12973,西宁市,本科
宁夏大学,10749,银川市,本科
宁夏医科大学,10752,银川市,本科
宁夏师范大学,10753,固原市,本科
北方民族大学,11407,银川市,本科
宁夏理工学院,12544,石嘴山市,本科
宁夏大学新华学院,13325,银川市,本科
银川能源学院,13820,银川市,本科
银川科技学院,14200,银川市,本科
宁夏职业技术大学,13086,银川市,本科
宁夏工商职业技术大学,13087,银川市,本科
新疆大学,10755,乌鲁木齐市,本科
塔里木大学,10757,阿拉尔市,本科
新疆农业大学,10758,乌鲁木齐市,本科
石河子大学,10759,石河子市,本科
新疆医科大学,10760,乌鲁木齐市,本科
新疆师范大学,10762,乌鲁木齐市,本科
喀什大学,10763,喀什地区,本科
伊犁师范大学,10764,伊犁哈萨克自治州,本科
新疆财经大学,10766,乌鲁木齐市,本科
新疆艺术学院,10768,乌鲁木齐市,本科
新疆工程学院,10994,乌鲁木齐市,本科
昌吉学院,10997,昌吉回族自治州,本科
新疆警察学院,12734,乌鲁木齐市,本科
新疆理工学院,13558,阿克苏地区,本科
新疆农业大学科学技术学院,13559,乌鲁木齐市,本科
新疆第二医学院,13560,克拉玛依市,本科
新疆科技学院,13561,巴音郭楞蒙古自治州,本科
新疆政法学院,13628,图木舒克市,本科
新疆天山职业技术大学,13727,乌鲁木齐市,本科
新疆和田学院,10765,和田地区,本科
新疆农业职业技术大学,10995,昌吉回族自治州,本科
新疆工业学院,14897,和田地区,本科
乌鲁木齐职业大学,11565,乌鲁木齐市,本科
新疆交通职业技术大学,13926,乌鲁木齐市,本科
塔里木理工学院,14946,阿拉尔市,本科
新疆理工职业大学,14947,喀什地区,本科
